{"cameraMode":{"drawMode":0,"name":"Shaded","section":"Shading Mode"},"sceneLighting":false,"audioPlay":false,"sceneViewState":{"showFog":true,"showMaterialUpdate":false,"showSkybox":true,"showFlares":true,"showImageEffects":true,"showParticleSystems":true},"in2DMode":false,"pivot":{"x":-0.06219926476478577,"y":12.886638641357422,"z":-0.06775170564651489},"rotation":{"x":-0.13937713205814362,"y":-0.6908382177352905,"z":-0.13837885856628419,"w":0.6958218216896057},"size":2.1879262924194338,"orthographic":false}