{"cameraMode":{"drawMode":0,"name":"Shaded","section":"Shading Mode"},"sceneLighting":false,"audioPlay":false,"sceneViewState":{"showFog":true,"showMaterialUpdate":false,"showSkybox":true,"showFlares":true,"showImageEffects":true,"showParticleSystems":true},"in2DMode":false,"pivot":{"x":0.00550311803817749,"y":0.1880950629711151,"z":0.001761406660079956},"rotation":{"x":-0.0752071663737297,"y":-0.7724741101264954,"z":0.09315260499715805,"w":-0.6236587762832642},"size":1.2183210849761963,"orthographic":false}