{"cameraMode":{"drawMode":0,"name":"Shaded","section":"Shading Mode"},"sceneLighting":false,"audioPlay":false,"sceneViewState":{"showFog":true,"showMaterialUpdate":false,"showSkybox":true,"showFlares":true,"showImageEffects":true,"showParticleSystems":true},"in2DMode":false,"pivot":{"x":0.2693955898284912,"y":1.0061860084533692,"z":-0.25224339962005618},"rotation":{"x":-0.13937713205814362,"y":-0.6908382177352905,"z":-0.13837885856628419,"w":0.6958218216896057},"size":1.8056721687316895,"orthographic":false}