{"cameraMode":{"drawMode":0,"name":"Shaded","section":"Shading Mode"},"sceneLighting":false,"audioPlay":false,"sceneViewState":{"showFog":true,"showMaterialUpdate":false,"showSkybox":true,"showFlares":true,"showImageEffects":true,"showParticleSystems":true},"in2DMode":false,"pivot":{"x":-1.25,"y":1.0099999904632569,"z":-0.49999988079071047},"rotation":{"x":-0.3993997871875763,"y":0.3801875114440918,"z":-0.18676109611988069,"w":-0.8130544424057007},"size":1.3380274772644044,"orthographic":false}