{"cameraMode":{"drawMode":0,"name":"Shaded","section":"Shading Mode"},"sceneLighting":false,"audioPlay":false,"sceneViewState":{"showFog":true,"showMaterialUpdate":false,"showSkybox":true,"showFlares":true,"showImageEffects":true,"showParticleSystems":true},"in2DMode":false,"pivot":{"x":1.771838665008545,"y":-2.5115463733673097,"z":18.499494552612306},"rotation":{"x":-0.01780492253601551,"y":0.5664865374565125,"z":-0.0122438445687294,"w":-0.8237876892089844},"size":22.0,"orthographic":false}