{"cameraMode":{"drawMode":0,"name":"Shaded","section":"Shading Mode"},"sceneLighting":true,"audioPlay":false,"sceneViewState":{"showFog":true,"showMaterialUpdate":false,"showSkybox":true,"showFlares":true,"showImageEffects":true,"showParticleSystems":true},"in2DMode":false,"pivot":{"x":9.123241424560547,"y":0.44110000133514407,"z":0.0905916690826416},"rotation":{"x":0.007397569715976715,"y":-0.9115936160087586,"z":0.016420302912592889,"w":0.41069790720939639},"size":1.4289418458938599,"orthographic":false}