{"cameraMode":{"drawMode":0,"name":"Shaded","section":"Shading Mode"},"sceneLighting":false,"audioPlay":false,"sceneViewState":{"showFog":true,"showMaterialUpdate":false,"showSkybox":true,"showFlares":true,"showImageEffects":true,"showParticleSystems":true},"in2DMode":false,"pivot":{"x":-24.83248519897461,"y":-9.091413497924805,"z":12.539947509765625},"rotation":{"x":-0.0752071663737297,"y":-0.7724741101264954,"z":0.09315260499715805,"w":-0.6236587762832642},"size":4.591606140136719,"orthographic":false}