{"cameraMode":{"drawMode":0,"name":"Shaded","section":"Shading Mode"},"sceneLighting":false,"audioPlay":false,"sceneViewState":{"showFog":true,"showMaterialUpdate":false,"showSkybox":true,"showFlares":true,"showImageEffects":true,"showParticleSystems":true},"in2DMode":false,"pivot":{"x":-0.0009489655494689941,"y":0.35409456491470339,"z":-0.0018513798713684083},"rotation":{"x":-0.13937713205814362,"y":-0.6908382177352905,"z":-0.13837885856628419,"w":0.6958218216896057},"size":2.705672025680542,"orthographic":false}