{"cameraMode":{"drawMode":0,"name":"Shaded","section":"Shading Mode"},"sceneLighting":true,"audioPlay":false,"sceneViewState":{"showFog":true,"showMaterialUpdate":false,"showSkybox":true,"showFlares":true,"showImageEffects":true,"showParticleSystems":true},"in2DMode":false,"pivot":{"x":-0.5104697942733765,"y":0.4030463695526123,"z":7.251152038574219},"rotation":{"x":0.18777470290660859,"y":0.032406892627477649,"z":-0.006198782008141279,"w":0.981657862663269},"size":10.03677749633789,"orthographic":false}