{"cameraMode":{"drawMode":0,"name":"Shaded","section":"Shading Mode"},"sceneLighting":false,"audioPlay":false,"sceneViewState":{"showFog":true,"showMaterialUpdate":false,"showSkybox":true,"showFlares":true,"showImageEffects":true,"showParticleSystems":true},"in2DMode":false,"pivot":{"x":0.2065591812133789,"y":2.2418172359466554,"z":0.19496804475784303},"rotation":{"x":-0.13937713205814362,"y":-0.6908382177352905,"z":-0.13837885856628419,"w":0.6958218216896057},"size":2.8578836917877199,"orthographic":false}